player_id,player_name,team,league,position,minutes,goals,assists,rating,appearances,lineups,shots_total,shots_on,passes_total,passes_key,passes_accuracy,yellow_cards,red_cards,duels_total,duels_won,tackles_total,goals_p90,assists_p90,goal_contributions,goal_contributions_p90,key_passes_p90,tackles_p90,interceptions_p90,duel_win_rate,discipline_penalty,league_weight,position_group,minutes_norm,rating_norm,league_weight_norm,goals_p90_norm,assists_p90_norm,goal_contributions_p90_norm,key_passes_p90_norm,tackles_p90_norm,interceptions_p90_norm,duel_win_rate_norm,base_score,minutes_bonus,low_minutes_penalty,discipline_penalty_norm,score_final,squad_position,squad_role
19,Matheus Cunha,Manchester United,Premier League,Attacker,2503,10,2,7.29,31,29,63,29,980,42,81,7,0,260,125,25,0.35956851777866555,0.07191370355573312,12,0.4314822213343987,1.5101877746703953,0.8989212944466639,0.0,0.4807692307692308,3.5,1.0,ATT,0.7244816586921851,0.6335877862595423,1.0,0.4265650450228956,0.1394897551509617,0.41590091889732317,0.371322155349065,0.28150430010303423,0.0,0.702247191011236,0.5843940319207156,0.05,0.0,0.1,53.4,AM_SS,XI
5,Gabriel Magalhães,Arsenal,Premier League,Defender,2706,3,4,7.35,31,30,26,9,1800,15,88,3,0,260,178,42,0.09977827050997783,0.13303769401330376,7,0.2328159645232816,0.4988913525498892,1.3968957871396896,0.0,0.6846153846153846,1.5,1.0,DEF,0.8054226475279107,0.6793893129770998,1.0,0.1183694354426062,0.25805089219723365,0.2244087213599409,0.12266647593162151,0.43744894386742916,0.0,1.0,0.5866352422848985,0.05,0.0,0.1,53.7,CB,XI
6,Bremer,Juventus,Serie A,Defender,2175,4,3,7.31,26,25,22,7,1400,8,86,5,0,240,161,44,0.16551724137931034,0.12413793103448274,7,0.2896551724137931,0.3310344827586207,1.8206896551724137,0.0,0.6708333333333333,2.5,0.92,DEF,0.5937001594896332,0.6488549618320612,0.7333333333333334,0.19635720601237847,0.24078817733990146,0.2791954022988506,0.081394141638858,0.5701633393829402,0.0,0.9798689138576778,0.5145395284042302,0.05,0.0,0.1,46.5,CB,XI
11,Bruno Guimarães,Newcastle,Premier League,Midfielder,2389,9,5,7.57,29,28,36,14,1700,44,86,7,0,310,184,71,0.3390539974884889,0.18836333193804938,14,0.5274173294265383,1.6575973210548347,2.6747593135203016,0.0,0.5935483870967742,3.5,1.0,MID,0.6790271132376395,0.8473282442748102,1.0,0.40222816112309634,0.36536506607666086,0.508371703641691,0.40756693987226406,0.8376219955497788,0.0,0.8669807901413555,0.6993947600980157,0.05,0.0,0.1,64.9,DM_CM,XI
12,Casemiro,Manchester United,Premier League,Midfielder,2588,9,2,7.32,31,30,30,9,1500,19,82,8,0,360,218,87,0.31298299845440497,0.0695517774343122,11,0.38253477588871715,0.6607418856259659,3.025502318392581,0.0,0.6055555555555555,4.0,1.0,MID,0.7583732057416268,0.6564885496183219,1.0,0.37129948876471297,0.13490836829322145,0.3687210200927357,0.16246198334745973,0.9474599365492558,0.0,0.8845193508114856,0.6434986636161459,0.05,0.0,0.1,59.3,DM_CM,XI
1,Alisson,Liverpool,Premier League,Goalkeeper,2250,0,0,6.84,25,25,0,0,0,0,0,0,0,0,0,0,0.0,0.0,0,0.0,0.0,0.0,0.0,0.0,0.0,1.0,GK,0.6236044657097288,0.2900763358778633,1.0,0.0,0.0,0.0,0.0,0.0,0.0,0.0,0.3327361603175184,0.05,0.0,0.0,38.3,GK,XI
7,Douglas Santos,Zenit,Premier League Russia,Defender,1920,1,0,7.27,24,22,14,4,1300,20,87,2,0,190,114,38,0.046875,0.0,1,0.046875,0.9375,1.78125,0.0,0.6,1.0,0.7,DEF,0.4920255183413078,0.6183206106870234,0.0,0.05560897435897437,0.0,0.045182291666666666,0.23051075268817206,0.5578125,0.0,0.8764044943820225,0.3514991195435846,0.05,0.0,0.1,30.1,LB,XI
17,Vini Jr,Real Madrid,LaLiga,Attacker,2825,16,5,7.65,34,33,72,41,1150,58,80,6,0,292,130,20,0.5097345132743363,0.1592920353982301,21,0.6690265486725664,1.847787610619469,0.6371681415929203,0.0,0.4452054794520548,3.0,0.95,ATT,0.8528708133971292,0.9083969465648867,0.833333333333333,0.6047106875425461,0.30897597977243996,0.6448672566371682,0.45433057379389097,0.19953423381462507,0.0,0.6503001385254733,0.6718851281751036,0.05,0.0,0.1,62.2,LW,XI
4,Wesley,Roma,Serie A,Defender,2457,5,0,7.16,30,28,28,10,900,22,82,4,0,210,122,61,0.18315018315018314,0.0,5,0.18315018315018314,0.8058608058608059,2.2344322344322345,0.0,0.580952380952381,2.0,0.92,DEF,0.706140350877193,0.534351145038169,0.7333333333333334,0.21727560189098652,0.0,0.17653642653642654,0.19814355298226266,0.6997300944669367,0.0,0.848582129481006,0.5167952343825066,0.05,0.0,0.1,46.7,RB,XI
16,Raphinha,Barcelona,LaLiga,Attacker,1388,13,3,7.77,23,17,55,30,690,41,78,4,0,151,71,19,0.8429394812680114,0.19452449567723346,16,1.037463976945245,2.65850144092219,1.2319884726224783,0.0,0.47019867549668876,2.0,0.95,ATT,0.27990430622009566,1.0000000000000009,0.833333333333333,1.0,0.3773157678056814,1.0,0.6536673793808683,0.385806916426513,0.0,0.686807054096287,0.6692686435295717,0.0,0.0,0.1,56.9,RW,XI
18,Igor Thiago,Brentford,Premier League,Attacker,3194,22,1,7.16,37,36,80,45,760,21,74,5,0,330,160,14,0.6199123356293049,0.028177833437695678,23,0.6480901690670007,0.5917345021916093,0.3944896681277395,0.0,0.48484848484848486,2.5,1.0,ATT,1.0,0.534351145038169,1.0,0.7354173691055346,0.05465605152518114,0.6246869129618035,0.1454945765245319,0.12353755396631844,0.0,0.7082056520258768,0.6128867616022833,0.05,0.0,0.1,56.3,ST,XI
13,Danilo,Botafogo,Brasileirão Série A,Midfielder,1071,7,2,7.47,13,12,22,8,690,21,84,3,0,145,91,38,0.5882352941176471,0.16806722689075632,9,0.7563025210084033,1.7647058823529411,3.1932773109243695,0.0,0.6275862068965518,1.5,0.82,MID,0.15350877192982454,0.770992366412214,0.3999999999999999,0.6978381096028157,0.32599706549286384,0.7289915966386554,0.43390259329538267,1.0,0.0,0.9166989538938397,0.5434741741884364,0.0,0.0,0.1,44.3,RB,Reserve
21,Endrick,Lyon,Ligue 1,Attacker,1222,5,7,7.39,24,14,31,16,460,25,79,3,0,141,64,9,0.36824877250409166,0.5155482815057283,12,0.88379705400982,1.8412438625204584,0.662847790507365,0.0,0.45390070921985815,1.5,0.86,ATT,0.21371610845295058,0.7099236641221376,0.5333333333333332,0.4368626463552815,1.0,0.8518821603927987,0.45272160920753923,0.2075760186062538,0.0,0.6630010359391186,0.49169009315227263,0.0,0.0,0.1,39.2,ST,Reserve
20,Neymar,Santos,Brasileirão Série A,Attacker,686,4,2,7.56,9,8,28,14,390,31,84,2,0,80,33,5,0.5247813411078717,0.26239067055393583,6,0.7871720116618076,4.067055393586005,0.6559766763848396,0.0,0.4125,1.0,0.82,ATT,0.0,0.8396946564885504,0.3999999999999999,0.6225611123570308,0.5089546022490629,0.7587463556851313,1.0,0.20542427497314716,0.0,0.6025280898876404,0.4924197166421765,0.0,0.0,0.1,39.2,AM_SS,Reserve
14,Fabinho,Al Ittihad,Saudi Pro League,Midfielder,2642,1,3,7.22,31,30,14,5,1600,12,87,5,0,342,201,79,0.03406510219530658,0.10219530658591976,4,0.13626040878122633,0.408781226343679,2.6911430734292203,0.0,0.5877192982456141,2.5,0.72,MID,0.7799043062200957,0.5801526717557257,0.06666666666666687,0.0404122750829791,0.1982264518222126,0.13133989401968205,0.10051036604722718,0.8427526993107296,0.0,0.8584663906958409,0.43896200576870437,0.05,0.0,0.1,38.9,DM_CM,Reserve
24,Rayan,Bournemouth,Premier League,Attacker,962,5,2,7.3,19,11,27,12,330,13,76,2,0,104,49,8,0.4677754677754678,0.18711018711018712,7,0.654885654885655,1.2162162162162162,0.7484407484407485,0.0,0.47115384615384615,1.0,1.0,ATT,0.11004784688995217,0.6412213740458022,1.0,0.554933631856709,0.36293436293436293,0.6312370062370063,0.29904097646033134,0.23438012911697126,0.0,0.6882022471910112,0.48269161803998256,0.0,0.0,0.1,38.3,ST,Reserve
15,Paquetá,Flamengo,Brasileirão Série A,Midfielder,738,3,0,7.33,9,8,13,5,510,16,85,2,0,89,52,21,0.3658536585365854,0.0,3,0.3658536585365854,1.951219512195122,2.5609756097560976,0.0,0.5842696629213483,1.0,0.82,MID,0.02073365231259966,0.6641221374045809,0.3999999999999999,0.4340212632895561,0.0,0.3526422764227643,0.4797622169770085,0.8019897304236201,0.0,0.853427597525565,0.42071407402319183,0.0,0.0,0.1,32.1,AM_SS,Reserve
22,Luiz Henrique,Zenit,Premier League Russia,Attacker,2035,5,3,7.22,28,23,43,19,720,35,78,5,0,210,91,18,0.22113022113022113,0.13267813267813267,8,0.3538083538083538,1.547911547911548,0.7960687960687961,0.0,0.43333333333333335,2.5,0.7,ATT,0.5378787878787878,0.5801526717557257,0.0,0.26233226233226237,0.2573534573534573,0.341031941031941,0.38059760640405804,0.2492952282425967,0.0,0.6329588014981273,0.3693983066212657,0.05,0.0,0.1,31.9,RW,Reserve
9,Léo Pereira,Flamengo,Brasileirão Série A,Defender,1141,1,0,7.29,13,13,7,2,720,4,84,1,0,121,81,29,0.07887817703768624,0.0,1,0.07887817703768624,0.31551270815074495,2.287467134092901,0.0,0.6694214876033058,0.5,0.82,DEF,0.1814194577352472,0.6335877862595423,0.3999999999999999,0.0935751365199218,0.0,0.07602979842243646,0.0775776766277459,0.7163383919922507,0.0,0.9778066672857275,0.3626878587886094,0.0,0.0,0.05,31.3,CB,Reserve
2,Ederson,Fenerbahçe,Süper Lig,Goalkeeper,2132,0,0,7.0,24,24,0,0,0,0,0,0,0,0,0,0,0.0,0.0,0,0.0,0.0,0.0,0.0,0.0,0.0,0.7,GK,0.5765550239234449,0.4122137404580162,0.0,0.0,0.0,0.0,0.0,0.0,0.0,0.0,0.1977537528762922,0.05,0.0,0.0,24.8,GK,Reserve
8,Marquinhos,PSG,Ligue 1,Defender,1049,0,0,6.88,17,12,4,1,850,3,90,1,0,100,68,20,0.0,0.0,0,0.0,0.25738798856053385,1.7159199237368923,0.0,0.68,0.5,0.86,DEF,0.14473684210526316,0.3206106870229011,0.5333333333333332,0.0,0.0,0.0,0.0632860789077155,0.5373538708544479,0.0,0.9932584269662922,0.28279642215016376,0.0,0.0,0.05,23.3,CB,Reserve
3,Weverton,Grêmio,Brasileirão Série A,Goalkeeper,1440,0,0,7.18,16,16,0,0,0,0,0,0,0,0,0,0,0.0,0.0,0,0.0,0.0,0.0,0.0,0.0,0.0,0.82,GK,0.30063795853269537,0.549618320610687,0.3999999999999999,0.0,0.0,0.0,0.0,0.0,0.0,0.0,0.23005125582867647,0.0,0.0,0.0,23.0,GK,Reserve
23,Gabriel Martinelli,Arsenal,Premier League,Attacker,982,1,3,6.46,20,10,26,10,390,18,77,2,0,110,47,10,0.09164969450101833,0.27494908350305497,4,0.3665987780040733,1.64969450101833,0.9164969450101833,0.0,0.42727272727272725,1.0,1.0,ATT,0.11802232854864436,0.0,1.0,0.10872630424565254,0.5333139365725923,0.3533604887983707,0.4056238092109586,0.28700825383213635,0.0,0.6241062308478038,0.32707705687618416,0.0,0.0,0.1,22.7,LW,Reserve
